Order ID,Order Date,Ship Date,Customer ID,Customer Name,Segment,Region,State,City,Category,Sub-Category,Product Name,Unit Price,Quantity,Discount,Sales,Profit
ORD-0001,2025-03-13,2025-03-19,C008,Lucas Martin,Home Office,North,NT,Darwin,Office Supplies,Binders,Ring Binder,8.39,2,0.15,14.25,2.66
ORD-0002,2025-11-05,2025-11-06,C017,Emily Scott,Consumer,North,NT,Darwin,Technology,Accessories,Wireless Mouse,46.35,4,0.15,157.59,29.35
ORD-0003,2025-05-23,2025-05-25,C011,Grace Thompson,Consumer,East,NSW,Sydney,Furniture,Furnishings,Desk Lamp,62.88,4,0.2,201.2,14.73
ORD-0004,2025-03-05,2025-03-09,C018,William Green,Corporate,East,NSW,Wollongong,Technology,Computers,Laptop,1390.02,2,0.1,2502.04,518.32
ORD-0005,2025-12-05,2025-12-07,C002,Noah Smith,Consumer,East,NSW,Wollongong,Furniture,Chairs,Ergonomic Chair,417.71,5,0,2088.57,556.86
ORD-0006,2025-04-18,2025-04-24,C012,Leo Walker,Corporate,West,WA,Bunbury,Technology,Accessories,USB-C Hub,76.11,5,0.15,323.48,68.58
ORD-0007,2025-07-14,2025-07-17,C015,Chloe King,Home Office,South,SA,Victor Harbor,Technology,Accessories,Wireless Mouse,43.42,4,0.15,147.62,-15.08
ORD-0008,2025-06-11,2025-06-13,C019,Zoe Baker,Corporate,East,NSW,Newcastle,Technology,Accessories,Wireless Mouse,48.46,8,0.05,368.31,77.61
ORD-0009,2025-10-27,2025-10-31,C009,Olivia White,Home Office,South,SA,Adelaide,Furniture,Furnishings,Monitor Stand,84.95,7,0,594.63,178.02
ORD-0010,2025-11-02,2025-11-03,C014,Henry Young,Consumer,North,NT,Darwin,Technology,Accessories,Wireless Mouse,45.86,7,0.05,304.99,50.94
ORD-0011,2025-11-25,2025-11-28,C009,Olivia White,Home Office,North,NT,Katherine,Technology,Machines,Printer,315.82,2,0,631.65,103.23
ORD-0012,2025-11-24,2025-11-29,C010,Jack Harris,Consumer,East,NSW,Wollongong,Furniture,Chairs,Ergonomic Chair,380.17,4,0,1520.66,137.45
ORD-0013,2025-07-05,2025-07-12,C004,Liam Wilson,Corporate,North,NT,Katherine,Office Supplies,Paper,A4 Copy Paper,10.94,5,0,54.7,14.74
ORD-0014,2025-03-07,2025-03-13,C005,Isla Taylor,Corporate,North,NT,Katherine,Technology,Machines,Printer,298.57,8,0.1,2149.69,391.07
ORD-0015,2025-07-24,2025-07-30,C010,Jack Harris,Home Office,South,SA,Victor Harbor,Furniture,Tables,Office Desk,561.56,6,0.05,3200.89,521.33
ORD-0016,2025-10-29,2025-10-31,C008,Lucas Martin,Consumer,North,NT,Palmerston,Furniture,Furnishings,Monitor Stand,93.74,1,0,93.74,-2.17
ORD-0017,2025-04-20,2025-04-25,C016,Oscar Wright,Home Office,East,NSW,Sydney,Technology,Accessories,USB-C Hub,76.1,3,0.15,194.05,37.41
ORD-0018,2025-07-01,2025-07-05,C014,Henry Young,Consumer,West,WA,Fremantle,Technology,Phones,Smartphone,911.85,7,0.05,6063.82,385.31
ORD-0019,2025-05-08,2025-05-10,C004,Liam Wilson,Corporate,North,NT,Darwin,Furniture,Bookcases,Bookcase,277.12,4,0.1,997.64,155.1
ORD-0020,2025-11-30,2025-12-05,C002,Noah Smith,Corporate,South,SA,Adelaide,Furniture,Chairs,Ergonomic Chair,423.26,1,0,423.26,110.97
ORD-0021,2025-07-14,2025-07-15,C006,Ethan Anderson,Consumer,West,WA,Fremantle,Office Supplies,Paper,A4 Copy Paper,13.02,7,0,91.17,22.45
ORD-0022,2025-10-24,2025-10-30,C002,Noah Smith,Consumer,West,WA,Perth,Office Supplies,Binders,Ring Binder,7.7,1,0.15,6.55,0.41
ORD-0023,2025-11-01,2025-11-02,C003,Mia Brown,Home Office,South,SA,Adelaide,Technology,Accessories,Wireless Mouse,41.58,4,0.05,158.0,43.07
ORD-0024,2025-09-25,2025-09-28,C019,Zoe Baker,Consumer,North,NT,Katherine,Office Supplies,Supplies,Desk Organiser,25.85,5,0,129.24,16.61
ORD-0025,2025-02-07,2025-02-08,C011,Grace Thompson,Home Office,South,SA,Victor Harbor,Office Supplies,Art,Marker Set,19.79,8,0.1,142.52,-5.89
ORD-0026,2025-05-26,2025-05-28,C012,Leo Walker,Corporate,East,NSW,Sydney,Technology,Accessories,Wireless Mouse,45.39,8,0.2,290.49,36.49
ORD-0027,2025-05-16,2025-05-17,C005,Isla Taylor,Home Office,North,NT,Katherine,Office Supplies,Paper,A4 Copy Paper,12.13,2,0.15,20.62,2.43
ORD-0028,2025-09-08,2025-09-11,C017,Emily Scott,Home Office,East,NSW,Sydney,Furniture,Bookcases,Bookcase,287.52,1,0,287.52,-15.34
ORD-0029,2025-12-28,2026-01-01,C018,William Green,Corporate,South,SA,Victor Harbor,Technology,Computers,Laptop,1326.82,1,0,1326.82,359.27
ORD-0030,2025-03-07,2025-03-08,C014,Henry Young,Home Office,North,NT,Palmerston,Furniture,Tables,Office Desk,561.49,5,0,2807.47,699.15
ORD-0031,2025-10-14,2025-10-21,C012,Leo Walker,Home Office,East,NSW,Sydney,Technology,Phones,Smartphone,892.41,7,0.1,5622.19,1582.31
ORD-0032,2025-07-30,2025-08-06,C011,Grace Thompson,Corporate,South,SA,Adelaide,Technology,Accessories,Wireless Mouse,41.93,4,0,167.73,37.79
ORD-0033,2025-06-06,2025-06-13,C012,Leo Walker,Consumer,North,NT,Palmerston,Technology,Computers,Laptop,1311.86,4,0,5247.45,515.73
ORD-0034,2025-12-14,2025-12-21,C013,Sophie Hall,Corporate,North,NT,Palmerston,Furniture,Furnishings,Monitor Stand,83.08,6,0,498.46,145.85
ORD-0035,2025-06-10,2025-06-14,C012,Leo Walker,Consumer,East,NSW,Sydney,Furniture,Furnishings,Desk Lamp,70.19,2,0.05,133.37,-8.48
ORD-0036,2025-06-10,2025-06-16,C020,James Adams,Corporate,South,SA,Mount Gambier,Technology,Accessories,USB-C Hub,75.6,2,0.15,128.52,22.72
ORD-0037,2025-04-09,2025-04-13,C005,Isla Taylor,Home Office,East,NSW,Newcastle,Office Supplies,Supplies,Desk Organiser,26.24,7,0.15,156.13,14.6
ORD-0038,2025-08-09,2025-08-16,C007,Amelia Thomas,Consumer,West,WA,Bunbury,Office Supplies,Storage,Archive Box,14.83,6,0.05,84.5,18.5
ORD-0039,2025-06-21,2025-06-22,C020,James Adams,Consumer,South,SA,Victor Harbor,Office Supplies,Supplies,Desk Organiser,24.05,4,0.15,81.78,20.58
ORD-0040,2025-08-01,2025-08-07,C015,Chloe King,Corporate,North,NT,Darwin,Furniture,Chairs,Ergonomic Chair,405.32,4,0.15,1378.07,239.23
ORD-0041,2025-08-26,2025-08-27,C017,Emily Scott,Corporate,North,NT,Darwin,Technology,Accessories,Wireless Mouse,41.59,4,0.2,133.1,11.09
ORD-0042,2025-10-08,2025-10-12,C014,Henry Young,Home Office,East,NSW,Newcastle,Furniture,Furnishings,Monitor Stand,96.51,3,0.15,246.09,39.99
ORD-0043,2025-08-14,2025-08-15,C009,Olivia White,Corporate,East,NSW,Wollongong,Furniture,Tables,Office Desk,496.26,5,0,2481.29,322.39
ORD-0044,2025-02-02,2025-02-06,C007,Amelia Thomas,Consumer,South,SA,Adelaide,Office Supplies,Binders,Ring Binder,8.07,7,0,56.48,8.69
ORD-0045,2025-07-14,2025-07-18,C019,Zoe Baker,Home Office,West,WA,Fremantle,Furniture,Chairs,Ergonomic Chair,374.29,1,0,374.29,55.21
ORD-0046,2025-04-23,2025-04-27,C020,James Adams,Home Office,West,WA,Bunbury,Furniture,Furnishings,Monitor Stand,88.85,4,0,355.38,20.35
ORD-0047,2025-10-01,2025-10-02,C020,James Adams,Consumer,West,WA,Bunbury,Office Supplies,Binders,Ring Binder,8.1,7,0.1,51.05,2.9
ORD-0048,2025-06-17,2025-06-19,C013,Sophie Hall,Consumer,South,SA,Mount Gambier,Technology,Accessories,USB-C Hub,67.73,8,0,541.8,146.24
ORD-0049,2025-01-27,2025-01-30,C018,William Green,Consumer,West,WA,Fremantle,Office Supplies,Paper,A4 Copy Paper,10.96,4,0.15,37.28,-0.86
ORD-0050,2025-03-06,2025-03-10,C008,Lucas Martin,Consumer,South,SA,Adelaide,Furniture,Tables,Office Desk,566.57,2,0.1,1019.82,169.55
ORD-0051,2025-06-09,2025-06-10,C006,Ethan Anderson,Home Office,East,NSW,Sydney,Furniture,Chairs,Ergonomic Chair,395.91,1,0,395.91,109.67
ORD-0052,2025-12-23,2025-12-30,C004,Liam Wilson,Home Office,South,SA,Adelaide,Furniture,Tables,Office Desk,539.16,5,0.2,2156.65,542.14
ORD-0053,2025-09-17,2025-09-23,C003,Mia Brown,Home Office,North,NT,Palmerston,Office Supplies,Storage,Archive Box,16.05,6,0,96.29,24.61
ORD-0054,2025-04-01,2025-04-07,C014,Henry Young,Corporate,East,NSW,Wollongong,Furniture,Tables,Office Desk,552.05,5,0.1,2484.24,458.45
ORD-0055,2025-02-14,2025-02-17,C008,Lucas Martin,Home Office,West,WA,Bunbury,Office Supplies,Storage,Archive Box,15.75,8,0,126.01,24.25
ORD-0056,2025-04-19,2025-04-22,C016,Oscar Wright,Corporate,East,NSW,Sydney,Office Supplies,Binders,Ring Binder,7.65,5,0,38.24,7.61
ORD-0057,2025-09-08,2025-09-13,C014,Henry Young,Consumer,North,NT,Katherine,Technology,Accessories,Wireless Mouse,44.78,4,0.15,152.27,34.71
ORD-0058,2025-06-06,2025-06-12,C008,Lucas Martin,Corporate,North,NT,Darwin,Technology,Computers,Laptop,1465.51,6,0.05,8353.39,1135.55
ORD-0059,2025-05-09,2025-05-11,C010,Jack Harris,Home Office,East,NSW,Newcastle,Office Supplies,Storage,Archive Box,14.08,2,0.15,23.93,1.91
ORD-0060,2025-10-29,2025-11-05,C009,Olivia White,Consumer,South,SA,Adelaide,Furniture,Furnishings,Desk Lamp,69.32,5,0,346.62,43.0
ORD-0061,2025-01-24,2025-01-25,C009,Olivia White,Home Office,East,NSW,Sydney,Furniture,Tables,Office Desk,566.19,5,0.15,2406.29,504.04
ORD-0062,2025-08-14,2025-08-17,C016,Oscar Wright,Home Office,North,NT,Darwin,Office Supplies,Art,Marker Set,17.11,3,0,51.33,13.62
ORD-0063,2025-03-19,2025-03-21,C002,Noah Smith,Corporate,North,NT,Palmerston,Technology,Machines,Printer,351.61,5,0,1758.05,139.96
ORD-0064,2025-10-29,2025-11-02,C010,Jack Harris,Corporate,South,SA,Victor Harbor,Office Supplies,Art,Marker Set,18.44,5,0.1,82.96,16.79
ORD-0065,2025-05-03,2025-05-05,C006,Ethan Anderson,Consumer,South,SA,Victor Harbor,Office Supplies,Paper,A4 Copy Paper,10.81,2,0,21.61,3.51
ORD-0066,2025-02-06,2025-02-12,C015,Chloe King,Consumer,East,NSW,Sydney,Office Supplies,Storage,Archive Box,15.86,4,0,63.45,13.09
ORD-0067,2025-05-17,2025-05-24,C005,Isla Taylor,Consumer,South,SA,Mount Gambier,Furniture,Tables,Office Desk,474.2,3,0,1422.61,353.03
ORD-0068,2025-05-20,2025-05-25,C013,Sophie Hall,Consumer,East,NSW,Newcastle,Office Supplies,Storage,Archive Box,13.74,8,0.05,104.43,6.26
ORD-0069,2025-12-12,2025-12-19,C008,Lucas Martin,Corporate,East,NSW,Wollongong,Technology,Phones,Smartphone,879.29,1,0.2,703.43,-67.27
ORD-0070,2025-10-27,2025-10-31,C006,Ethan Anderson,Home Office,West,WA,Bunbury,Office Supplies,Storage,Archive Box,14.91,8,0,119.28,18.14
ORD-0071,2025-12-06,2025-12-10,C010,Jack Harris,Corporate,North,NT,Darwin,Office Supplies,Art,Marker Set,16.52,1,0.05,15.69,1.77
ORD-0072,2025-07-31,2025-08-01,C015,Chloe King,Consumer,West,WA,Bunbury,Furniture,Furnishings,Monitor Stand,87.51,4,0.1,315.04,75.33
ORD-0073,2025-08-13,2025-08-19,C010,Jack Harris,Corporate,North,NT,Darwin,Furniture,Tables,Office Desk,471.0,8,0,3768.02,781.89
ORD-0074,2025-02-17,2025-02-19,C014,Henry Young,Home Office,South,SA,Mount Gambier,Technology,Machines,Printer,348.61,2,0.05,662.36,140.37
ORD-0075,2025-08-30,2025-09-01,C016,Oscar Wright,Home Office,East,NSW,Wollongong,Office Supplies,Art,Marker Set,16.72,8,0.1,120.39,11.76
ORD-0076,2025-05-17,2025-05-24,C017,Emily Scott,Corporate,South,SA,Adelaide,Office Supplies,Storage,Archive Box,15.68,1,0,15.68,4.07
ORD-0077,2025-06-20,2025-06-25,C012,Leo Walker,Corporate,West,WA,Perth,Furniture,Furnishings,Desk Lamp,70.63,7,0.05,469.67,125.59
ORD-0078,2025-06-12,2025-06-18,C002,Noah Smith,Corporate,South,SA,Victor Harbor,Technology,Computers,Laptop,1569.89,8,0.15,10675.28,1551.2
ORD-0079,2025-06-19,2025-06-26,C019,Zoe Baker,Consumer,South,SA,Mount Gambier,Technology,Machines,Printer,342.08,2,0.2,547.33,41.01
ORD-0080,2025-08-29,2025-09-05,C003,Mia Brown,Consumer,North,NT,Katherine,Office Supplies,Binders,Ring Binder,8.2,5,0,40.99,-2.17
ORD-0081,2025-01-19,2025-01-24,C018,William Green,Home Office,West,WA,Fremantle,Furniture,Furnishings,Desk Lamp,66.71,2,0,133.41,37.39
ORD-0082,2025-03-27,2025-04-02,C015,Chloe King,Consumer,North,NT,Palmerston,Furniture,Chairs,Ergonomic Chair,354.59,5,0,1772.94,441.53
ORD-0083,2025-10-17,2025-10-23,C014,Henry Young,Consumer,East,NSW,Newcastle,Technology,Machines,Printer,299.2,3,0,897.61,181.65
ORD-0084,2025-11-23,2025-11-26,C015,Chloe King,Home Office,South,SA,Mount Gambier,Technology,Accessories,Wireless Mouse,46.5,8,0,372.01,102.2
ORD-0085,2025-06-26,2025-07-01,C015,Chloe King,Home Office,East,NSW,Wollongong,Technology,Phones,Smartphone,928.54,5,0.15,3946.32,878.37
ORD-0086,2025-07-15,2025-07-20,C008,Lucas Martin,Corporate,East,NSW,Sydney,Office Supplies,Paper,A4 Copy Paper,11.51,6,0.1,62.15,-6.4
ORD-0087,2025-09-12,2025-09-19,C020,James Adams,Consumer,West,WA,Fremantle,Furniture,Chairs,Ergonomic Chair,413.31,5,0.2,1653.24,333.57
ORD-0088,2025-11-18,2025-11-24,C004,Liam Wilson,Corporate,South,SA,Victor Harbor,Furniture,Tables,Office Desk,550.02,1,0,550.02,32.09
ORD-0089,2025-04-13,2025-04-15,C006,Ethan Anderson,Corporate,South,SA,Adelaide,Office Supplies,Art,Marker Set,18.01,6,0.1,97.23,11.49
ORD-0090,2025-02-08,2025-02-10,C015,Chloe King,Home Office,West,WA,Fremantle,Office Supplies,Paper,A4 Copy Paper,12.42,4,0.2,39.75,8.69
ORD-0091,2025-03-05,2025-03-09,C018,William Green,Corporate,East,NSW,Sydney,Technology,Accessories,USB-C Hub,73.49,6,0.15,374.78,43.3
ORD-0092,2025-11-14,2025-11-19,C001,Ava Williams,Home Office,East,NSW,Sydney,Technology,Computers,Laptop,1369.2,6,0.1,7393.66,486.53
ORD-0093,2025-01-20,2025-01-23,C002,Noah Smith,Corporate,East,NSW,Wollongong,Technology,Accessories,Wireless Mouse,41.37,8,0,331.0,89.97
ORD-0094,2025-10-28,2025-11-03,C014,Henry Young,Home Office,West,WA,Fremantle,Furniture,Furnishings,Monitor Stand,92.79,3,0.05,264.45,68.34
ORD-0095,2025-08-16,2025-08-18,C015,Chloe King,Home Office,East,NSW,Sydney,Office Supplies,Binders,Ring Binder,8.77,6,0,52.62,7.46
ORD-0096,2025-08-21,2025-08-22,C004,Liam Wilson,Corporate,East,NSW,Sydney,Office Supplies,Binders,Ring Binder,8.22,4,0.15,27.96,-1.49
ORD-0097,2025-10-28,2025-10-30,C007,Amelia Thomas,Consumer,South,SA,Victor Harbor,Technology,Machines,Printer,337.56,4,0,1350.24,333.73
ORD-0098,2025-02-26,2025-03-04,C006,Ethan Anderson,Consumer,East,NSW,Sydney,Furniture,Bookcases,Bookcase,252.83,1,0,252.83,62.57
ORD-0099,2025-08-04,2025-08-09,C005,Isla Taylor,Consumer,East,NSW,Sydney,Office Supplies,Paper,A4 Copy Paper,10.95,2,0.15,18.62,3.02
ORD-0100,2025-12-04,2025-12-09,C002,Noah Smith,Home Office,North,NT,Palmerston,Technology,Machines,Printer,329.17,5,0.05,1563.58,90.36
ORD-0101,2025-02-07,2025-02-08,C015,Chloe King,Home Office,West,WA,Fremantle,Technology,Computers,Laptop,1348.02,6,0.1,7279.29,593.61
ORD-0102,2025-09-16,2025-09-21,C015,Chloe King,Home Office,East,NSW,Newcastle,Furniture,Bookcases,Bookcase,296.41,7,0,2074.89,163.09
ORD-0103,2025-08-21,2025-08-25,C011,Grace Thompson,Corporate,South,SA,Mount Gambier,Technology,Computers,Laptop,1332.57,7,0.15,7928.82,1242.37
ORD-0104,2025-02-13,2025-02-14,C003,Mia Brown,Home Office,East,NSW,Sydney,Office Supplies,Paper,A4 Copy Paper,12.59,7,0,88.11,12.61
ORD-0105,2025-07-30,2025-08-02,C004,Liam Wilson,Home Office,North,NT,Katherine,Furniture,Bookcases,Bookcase,303.29,7,0.2,1698.41,106.76
ORD-0106,2025-03-21,2025-03-27,C007,Amelia Thomas,Consumer,East,NSW,Newcastle,Furniture,Furnishings,Monitor Stand,96.25,8,0,770.01,105.9
ORD-0107,2025-11-15,2025-11-20,C018,William Green,Home Office,North,NT,Palmerston,Technology,Computers,Laptop,1574.43,1,0.1,1416.99,364.68
ORD-0108,2025-01-04,2025-01-06,C012,Leo Walker,Home Office,South,SA,Mount Gambier,Office Supplies,Storage,Archive Box,15.47,3,0.1,41.77,2.82
ORD-0109,2025-08-03,2025-08-07,C013,Sophie Hall,Home Office,North,NT,Darwin,Furniture,Tables,Office Desk,506.49,6,0,3038.91,700.16
ORD-0110,2025-12-12,2025-12-13,C002,Noah Smith,Consumer,North,NT,Darwin,Technology,Machines,Printer,330.36,5,0.05,1569.23,268.99
ORD-0111,2025-02-26,2025-03-01,C014,Henry Young,Home Office,East,NSW,Sydney,Technology,Accessories,USB-C Hub,72.34,8,0.1,520.85,31.96
ORD-0112,2025-05-11,2025-05-14,C005,Isla Taylor,Consumer,North,NT,Darwin,Office Supplies,Binders,Ring Binder,7.21,6,0,43.27,10.24
ORD-0113,2025-12-09,2025-12-16,C018,William Green,Home Office,West,WA,Bunbury,Technology,Machines,Printer,313.41,6,0,1880.48,442.87
ORD-0114,2025-07-27,2025-08-02,C019,Zoe Baker,Corporate,West,WA,Perth,Furniture,Furnishings,Desk Lamp,60.0,7,0,419.98,23.19
ORD-0115,2025-05-05,2025-05-09,C004,Liam Wilson,Corporate,West,WA,Bunbury,Technology,Computers,Laptop,1327.81,7,0.1,8365.19,2238.79
ORD-0116,2025-09-29,2025-10-04,C004,Liam Wilson,Consumer,South,SA,Mount Gambier,Technology,Machines,Printer,310.36,4,0.2,993.15,230.26
ORD-0117,2025-03-30,2025-04-04,C007,Amelia Thomas,Consumer,South,SA,Adelaide,Technology,Accessories,USB-C Hub,73.63,3,0.2,176.71,12.16
ORD-0118,2025-11-26,2025-12-02,C019,Zoe Baker,Home Office,West,WA,Fremantle,Furniture,Furnishings,Desk Lamp,71.12,6,0.2,341.39,44.05
ORD-0119,2025-01-29,2025-02-01,C019,Zoe Baker,Home Office,West,WA,Fremantle,Office Supplies,Storage,Archive Box,14.89,2,0,29.77,1.77
ORD-0120,2025-09-17,2025-09-21,C020,James Adams,Home Office,East,NSW,Sydney,Technology,Machines,Printer,323.48,8,0.1,2329.03,577.49
ORD-0121,2025-09-01,2025-09-06,C020,James Adams,Home Office,West,WA,Bunbury,Technology,Accessories,USB-C Hub,69.31,3,0,207.92,52.55
ORD-0122,2025-12-29,2026-01-02,C008,Lucas Martin,Home Office,North,NT,Katherine,Technology,Phones,Smartphone,853.87,8,0.1,6147.84,551.38
ORD-0123,2025-11-20,2025-11-26,C002,Noah Smith,Corporate,East,NSW,Newcastle,Office Supplies,Supplies,Desk Organiser,24.15,6,0,144.89,27.46
ORD-0124,2025-02-11,2025-02-16,C011,Grace Thompson,Home Office,East,NSW,Wollongong,Furniture,Tables,Office Desk,500.26,3,0,1500.79,321.19
ORD-0125,2025-07-12,2025-07-18,C018,William Green,Home Office,South,SA,Victor Harbor,Technology,Accessories,USB-C Hub,64.79,6,0.2,310.99,70.19
ORD-0126,2025-01-10,2025-01-13,C012,Leo Walker,Home Office,North,NT,Katherine,Office Supplies,Supplies,Desk Organiser,27.26,5,0,136.28,18.46
ORD-0127,2025-02-21,2025-02-26,C010,Jack Harris,Consumer,South,SA,Adelaide,Technology,Phones,Smartphone,822.25,1,0.15,698.91,168.84
ORD-0128,2025-08-13,2025-08-14,C006,Ethan Anderson,Consumer,West,WA,Perth,Technology,Machines,Printer,331.29,7,0,2319.01,253.66
ORD-0129,2025-06-08,2025-06-15,C008,Lucas Martin,Corporate,East,NSW,Wollongong,Technology,Machines,Printer,300.42,8,0.2,1922.67,422.17
ORD-0130,2025-08-03,2025-08-05,C017,Emily Scott,Corporate,West,WA,Fremantle,Office Supplies,Supplies,Desk Organiser,25.52,4,0.2,81.67,-5.56
ORD-0131,2025-05-26,2025-05-27,C004,Liam Wilson,Consumer,East,NSW,Wollongong,Furniture,Furnishings,Monitor Stand,89.09,3,0,267.26,47.66
ORD-0132,2025-01-28,2025-02-01,C014,Henry Young,Corporate,North,NT,Darwin,Office Supplies,Paper,A4 Copy Paper,11.73,6,0,70.36,4.95
ORD-0133,2025-03-12,2025-03-13,C005,Isla Taylor,Home Office,East,NSW,Sydney,Furniture,Bookcases,Bookcase,278.46,5,0.2,1113.83,287.12
ORD-0134,2025-05-12,2025-05-14,C001,Ava Williams,Home Office,West,WA,Fremantle,Technology,Phones,Smartphone,924.84,3,0.1,2497.06,504.96
ORD-0135,2025-08-03,2025-08-09,C008,Lucas Martin,Corporate,East,NSW,Sydney,Technology,Phones,Smartphone,783.85,8,0,6270.77,1732.53
ORD-0136,2025-05-30,2025-06-03,C005,Isla Taylor,Home Office,North,NT,Katherine,Furniture,Tables,Office Desk,504.69,1,0.1,454.22,87.51
ORD-0137,2025-09-17,2025-09-24,C018,William Green,Corporate,North,NT,Katherine,Technology,Machines,Printer,343.89,1,0.05,326.7,19.89
ORD-0138,2025-06-26,2025-06-28,C003,Mia Brown,Home Office,East,NSW,Newcastle,Technology,Accessories,USB-C Hub,71.15,2,0.2,113.83,27.22
ORD-0139,2025-12-23,2025-12-27,C015,Chloe King,Corporate,East,NSW,Wollongong,Furniture,Tables,Office Desk,482.02,3,0.2,1156.86,264.93
ORD-0140,2025-06-11,2025-06-14,C002,Noah Smith,Consumer,North,NT,Palmerston,Technology,Accessories,Wireless Mouse,45.39,7,0.2,254.17,28.8
ORD-0141,2025-03-05,2025-03-12,C009,Olivia White,Corporate,South,SA,Mount Gambier,Technology,Accessories,USB-C Hub,75.45,6,0.05,430.08,101.42
ORD-0142,2025-09-23,2025-09-26,C012,Leo Walker,Consumer,West,WA,Fremantle,Office Supplies,Art,Marker Set,17.73,2,0.15,30.14,4.75
ORD-0143,2025-06-17,2025-06-23,C003,Mia Brown,Corporate,South,SA,Victor Harbor,Office Supplies,Paper,A4 Copy Paper,11.87,5,0,59.35,13.62
ORD-0144,2025-08-11,2025-08-14,C020,James Adams,Corporate,West,WA,Fremantle,Technology,Accessories,USB-C Hub,72.4,1,0,72.4,10.97
ORD-0145,2025-03-06,2025-03-07,C002,Noah Smith,Consumer,South,SA,Adelaide,Furniture,Furnishings,Desk Lamp,66.89,4,0.2,214.04,30.08
ORD-0146,2025-07-10,2025-07-14,C012,Leo Walker,Consumer,North,NT,Katherine,Furniture,Furnishings,Desk Lamp,60.29,2,0.1,108.52,15.38
ORD-0147,2025-09-23,2025-09-27,C016,Oscar Wright,Consumer,East,NSW,Sydney,Technology,Accessories,Wireless Mouse,47.47,2,0,94.95,21.46
ORD-0148,2025-02-07,2025-02-11,C005,Isla Taylor,Corporate,East,NSW,Wollongong,Technology,Phones,Smartphone,840.67,3,0.15,2143.71,154.23
ORD-0149,2025-10-05,2025-10-08,C018,William Green,Corporate,East,NSW,Wollongong,Furniture,Chairs,Ergonomic Chair,363.29,5,0.2,1453.14,330.43
ORD-0150,2025-03-13,2025-03-15,C007,Amelia Thomas,Home Office,South,SA,Mount Gambier,Technology,Phones,Smartphone,826.35,8,0,6610.82,1276.35
ORD-0151,2025-09-03,2025-09-08,C013,Sophie Hall,Consumer,South,SA,Victor Harbor,Technology,Accessories,USB-C Hub,68.73,7,0.2,384.9,74.56
ORD-0152,2025-06-26,2025-06-28,C017,Emily Scott,Consumer,East,NSW,Wollongong,Office Supplies,Art,Marker Set,19.68,3,0.2,47.23,7.47
ORD-0153,2025-03-24,2025-03-27,C006,Ethan Anderson,Home Office,North,NT,Darwin,Technology,Accessories,USB-C Hub,76.26,4,0,305.06,54.83
ORD-0154,2025-03-06,2025-03-12,C009,Olivia White,Consumer,North,NT,Palmerston,Furniture,Furnishings,Monitor Stand,90.6,5,0.1,407.71,71.61
ORD-0155,2025-10-16,2025-10-17,C011,Grace Thompson,Home Office,South,SA,Adelaide,Furniture,Furnishings,Monitor Stand,81.82,1,0,81.82,17.21
ORD-0156,2025-11-18,2025-11-23,C016,Oscar Wright,Corporate,South,SA,Victor Harbor,Furniture,Chairs,Ergonomic Chair,425.62,5,0.15,1808.88,308.84
ORD-0157,2025-08-14,2025-08-18,C006,Ethan Anderson,Corporate,West,WA,Fremantle,Technology,Phones,Smartphone,799.68,8,0.05,6077.6,1225.64
ORD-0158,2025-09-21,2025-09-26,C012,Leo Walker,Corporate,East,NSW,Wollongong,Office Supplies,Binders,Ring Binder,7.59,2,0,15.17,1.22
ORD-0159,2025-08-03,2025-08-05,C020,James Adams,Consumer,South,SA,Adelaide,Office Supplies,Art,Marker Set,17.38,3,0.2,41.71,8.11
ORD-0160,2025-09-12,2025-09-13,C010,Jack Harris,Home Office,South,SA,Mount Gambier,Office Supplies,Art,Marker Set,18.02,2,0.05,34.24,9.99
ORD-0161,2025-12-01,2025-12-07,C020,James Adams,Consumer,East,NSW,Sydney,Office Supplies,Art,Marker Set,18.13,8,0,145.06,37.98
ORD-0162,2025-07-25,2025-07-26,C002,Noah Smith,Corporate,East,NSW,Wollongong,Office Supplies,Storage,Archive Box,15.16,4,0,60.64,4.15
ORD-0163,2025-02-19,2025-02-23,C005,Isla Taylor,Home Office,East,NSW,Wollongong,Furniture,Chairs,Ergonomic Chair,427.97,6,0.2,2054.25,389.19
ORD-0164,2025-01-21,2025-01-22,C017,Emily Scott,Home Office,South,SA,Adelaide,Furniture,Furnishings,Desk Lamp,67.78,1,0,67.78,17.01
ORD-0165,2025-06-13,2025-06-15,C020,James Adams,Home Office,South,SA,Victor Harbor,Technology,Accessories,USB-C Hub,73.35,7,0.1,462.11,57.68
ORD-0166,2025-07-08,2025-07-11,C001,Ava Williams,Home Office,West,WA,Bunbury,Office Supplies,Art,Marker Set,18.3,2,0.05,34.77,8.66
ORD-0167,2025-04-27,2025-05-03,C019,Zoe Baker,Corporate,North,NT,Katherine,Office Supplies,Supplies,Desk Organiser,24.9,1,0.1,22.41,4.06
ORD-0168,2025-12-25,2025-12-26,C019,Zoe Baker,Home Office,West,WA,Perth,Technology,Phones,Smartphone,839.98,4,0,3359.91,519.76
ORD-0169,2025-12-28,2025-12-30,C002,Noah Smith,Home Office,South,SA,Mount Gambier,Furniture,Furnishings,Desk Lamp,62.73,4,0.1,225.81,48.67
ORD-0170,2025-07-01,2025-07-07,C018,William Green,Corporate,East,NSW,Sydney,Furniture,Bookcases,Bookcase,279.11,5,0.1,1256.01,363.41
ORD-0171,2025-06-12,2025-06-16,C016,Oscar Wright,Corporate,East,NSW,Sydney,Office Supplies,Binders,Ring Binder,8.69,6,0.1,46.95,11.68
ORD-0172,2025-06-26,2025-07-03,C013,Sophie Hall,Home Office,North,NT,Katherine,Furniture,Furnishings,Desk Lamp,59.05,3,0,177.14,-19.91
ORD-0173,2025-05-19,2025-05-24,C018,William Green,Corporate,East,NSW,Wollongong,Technology,Accessories,Wireless Mouse,41.48,5,0,207.42,48.79
ORD-0174,2025-02-21,2025-02-25,C002,Noah Smith,Home Office,North,NT,Katherine,Technology,Accessories,Wireless Mouse,44.75,6,0.15,228.23,50.28
ORD-0175,2025-05-28,2025-05-31,C007,Amelia Thomas,Home Office,South,SA,Mount Gambier,Office Supplies,Art,Marker Set,16.41,5,0.15,69.76,16.89
ORD-0176,2025-08-02,2025-08-09,C006,Ethan Anderson,Home Office,South,SA,Victor Harbor,Furniture,Chairs,Ergonomic Chair,428.78,3,0,1286.34,191.98
ORD-0177,2025-02-24,2025-02-27,C020,James Adams,Consumer,East,NSW,Sydney,Office Supplies,Supplies,Desk Organiser,27.45,5,0.05,130.37,24.23
ORD-0178,2025-06-19,2025-06-21,C004,Liam Wilson,Corporate,South,SA,Victor Harbor,Office Supplies,Binders,Ring Binder,7.61,8,0.15,51.76,5.0
ORD-0179,2025-11-24,2025-11-28,C020,James Adams,Home Office,East,NSW,Wollongong,Technology,Accessories,Wireless Mouse,43.45,7,0.1,273.74,41.12
ORD-0180,2025-07-16,2025-07-18,C009,Olivia White,Corporate,South,SA,Mount Gambier,Technology,Phones,Smartphone,810.39,8,0.2,5186.49,686.72
ORD-0181,2025-12-08,2025-12-09,C002,Noah Smith,Home Office,North,NT,Palmerston,Office Supplies,Binders,Ring Binder,7.46,8,0,59.64,13.21
ORD-0182,2025-11-11,2025-11-13,C012,Leo Walker,Consumer,East,NSW,Wollongong,Furniture,Bookcases,Bookcase,278.78,4,0,1115.11,182.59
ORD-0183,2025-12-07,2025-12-14,C018,William Green,Home Office,East,NSW,Newcastle,Furniture,Furnishings,Desk Lamp,61.72,4,0.2,197.49,47.14
ORD-0184,2025-10-16,2025-10-17,C003,Mia Brown,Corporate,North,NT,Katherine,Furniture,Bookcases,Bookcase,282.67,1,0.2,226.13,39.88
ORD-0185,2025-12-15,2025-12-17,C004,Liam Wilson,Corporate,South,SA,Adelaide,Furniture,Furnishings,Desk Lamp,70.19,8,0,561.48,-18.64
ORD-0186,2025-12-11,2025-12-18,C015,Chloe King,Home Office,West,WA,Fremantle,Technology,Machines,Printer,289.39,5,0.15,1229.92,-51.4
ORD-0187,2025-01-31,2025-02-01,C018,William Green,Corporate,North,NT,Darwin,Office Supplies,Paper,A4 Copy Paper,11.49,8,0,91.91,8.73
ORD-0188,2025-02-11,2025-02-17,C013,Sophie Hall,Corporate,West,WA,Fremantle,Office Supplies,Art,Marker Set,19.3,3,0.15,49.21,3.92
ORD-0189,2025-01-12,2025-01-15,C001,Ava Williams,Consumer,West,WA,Bunbury,Furniture,Tables,Office Desk,542.79,8,0.15,3690.94,575.9
ORD-0190,2025-04-07,2025-04-13,C009,Olivia White,Corporate,South,SA,Adelaide,Office Supplies,Binders,Ring Binder,8.5,2,0,16.99,2.63
ORD-0191,2025-01-18,2025-01-22,C020,James Adams,Consumer,North,NT,Darwin,Technology,Phones,Smartphone,890.89,1,0,890.89,134.14
ORD-0192,2025-10-22,2025-10-25,C008,Lucas Martin,Consumer,South,SA,Adelaide,Furniture,Bookcases,Bookcase,268.9,6,0,1613.39,138.45
ORD-0193,2025-10-30,2025-11-05,C018,William Green,Corporate,South,SA,Mount Gambier,Office Supplies,Paper,A4 Copy Paper,12.43,3,0.15,31.69,-1.73
ORD-0194,2025-03-18,2025-03-21,C014,Henry Young,Corporate,West,WA,Bunbury,Furniture,Furnishings,Desk Lamp,68.31,7,0,478.15,80.51
ORD-0195,2025-07-31,2025-08-04,C018,William Green,Consumer,East,NSW,Wollongong,Office Supplies,Paper,A4 Copy Paper,11.38,3,0.05,32.44,3.27
ORD-0196,2025-05-18,2025-05-22,C002,Noah Smith,Consumer,West,WA,Fremantle,Furniture,Tables,Office Desk,475.57,1,0.2,380.46,95.56
ORD-0197,2025-04-19,2025-04-21,C001,Ava Williams,Consumer,South,SA,Mount Gambier,Office Supplies,Storage,Archive Box,16.5,2,0.15,28.05,4.76
ORD-0198,2025-07-14,2025-07-18,C010,Jack Harris,Consumer,South,SA,Mount Gambier,Furniture,Bookcases,Bookcase,266.65,6,0,1599.88,285.11
ORD-0199,2025-06-10,2025-06-14,C012,Leo Walker,Corporate,North,NT,Katherine,Office Supplies,Binders,Ring Binder,8.58,1,0.1,7.72,-0.58
ORD-0200,2025-07-14,2025-07-19,C008,Lucas Martin,Consumer,West,WA,Fremantle,Technology,Accessories,USB-C Hub,70.71,4,0.05,268.69,76.81
ORD-0201,2025-03-28,2025-04-03,C015,Chloe King,Home Office,West,WA,Bunbury,Furniture,Furnishings,Desk Lamp,60.32,6,0,361.92,67.55
ORD-0202,2025-07-31,2025-08-02,C001,Ava Williams,Consumer,North,NT,Katherine,Technology,Phones,Smartphone,885.22,4,0,3540.88,185.14
ORD-0203,2025-12-04,2025-12-08,C016,Oscar Wright,Home Office,East,NSW,Sydney,Furniture,Furnishings,Monitor Stand,90.58,1,0,90.58,-8.35
ORD-0204,2025-02-24,2025-02-25,C006,Ethan Anderson,Home Office,East,NSW,Sydney,Furniture,Furnishings,Desk Lamp,61.0,3,0,182.99,33.23
ORD-0205,2025-10-17,2025-10-19,C015,Chloe King,Consumer,East,NSW,Newcastle,Office Supplies,Art,Marker Set,18.66,4,0,74.65,19.56
ORD-0206,2025-09-01,2025-09-02,C018,William Green,Corporate,North,NT,Darwin,Office Supplies,Art,Marker Set,16.82,1,0.15,14.29,2.5
ORD-0207,2025-04-19,2025-04-26,C008,Lucas Martin,Consumer,East,NSW,Wollongong,Furniture,Chairs,Ergonomic Chair,354.63,8,0,2837.05,194.58
ORD-0208,2025-03-15,2025-03-22,C019,Zoe Baker,Corporate,North,NT,Darwin,Technology,Accessories,Wireless Mouse,43.19,7,0,302.35,57.75
ORD-0209,2025-12-19,2025-12-25,C005,Isla Taylor,Home Office,West,WA,Bunbury,Office Supplies,Art,Marker Set,18.88,2,0.1,33.99,4.64
ORD-0210,2025-07-23,2025-07-30,C020,James Adams,Corporate,South,SA,Adelaide,Furniture,Furnishings,Monitor Stand,92.41,6,0,554.49,136.34
ORD-0211,2025-12-15,2025-12-20,C006,Ethan Anderson,Home Office,South,SA,Mount Gambier,Office Supplies,Art,Marker Set,18.98,7,0,132.86,16.45
ORD-0212,2025-07-19,2025-07-22,C005,Isla Taylor,Corporate,North,NT,Darwin,Technology,Computers,Laptop,1331.54,6,0,7989.25,2282.85
ORD-0213,2025-08-18,2025-08-23,C014,Henry Young,Consumer,East,NSW,Sydney,Technology,Accessories,Wireless Mouse,40.74,7,0,285.15,39.49
ORD-0214,2025-02-13,2025-02-19,C013,Sophie Hall,Consumer,East,NSW,Newcastle,Office Supplies,Art,Marker Set,18.08,4,0.1,65.07,14.4
ORD-0215,2025-03-27,2025-03-31,C003,Mia Brown,Corporate,East,NSW,Newcastle,Office Supplies,Binders,Ring Binder,7.68,5,0.05,36.48,8.96
ORD-0216,2025-04-11,2025-04-15,C020,James Adams,Home Office,South,SA,Victor Harbor,Office Supplies,Supplies,Desk Organiser,24.02,2,0,48.05,13.8
ORD-0217,2025-03-11,2025-03-14,C020,James Adams,Corporate,West,WA,Fremantle,Office Supplies,Art,Marker Set,19.61,6,0.1,105.9,10.61
ORD-0218,2025-05-05,2025-05-08,C019,Zoe Baker,Corporate,West,WA,Fremantle,Furniture,Furnishings,Desk Lamp,69.11,7,0,483.8,71.72
ORD-0219,2025-08-25,2025-08-31,C001,Ava Williams,Home Office,South,SA,Victor Harbor,Technology,Machines,Printer,339.05,4,0.05,1288.4,-135.0
ORD-0220,2025-05-10,2025-05-16,C008,Lucas Martin,Corporate,West,WA,Bunbury,Technology,Accessories,USB-C Hub,68.92,3,0.15,175.76,25.35
ORD-0221,2025-10-06,2025-10-07,C014,Henry Young,Corporate,West,WA,Bunbury,Furniture,Furnishings,Monitor Stand,97.12,6,0.15,495.31,91.25
ORD-0222,2025-11-28,2025-12-03,C006,Ethan Anderson,Consumer,North,NT,Darwin,Furniture,Bookcases,Bookcase,307.08,1,0.1,276.37,60.63
ORD-0223,2025-04-24,2025-04-29,C009,Olivia White,Consumer,East,NSW,Newcastle,Technology,Phones,Smartphone,828.6,4,0.05,3148.68,521.94
ORD-0224,2025-08-01,2025-08-02,C010,Jack Harris,Consumer,South,SA,Mount Gambier,Office Supplies,Paper,A4 Copy Paper,13.06,2,0.2,20.89,1.78
ORD-0225,2025-02-19,2025-02-23,C016,Oscar Wright,Home Office,West,WA,Perth,Office Supplies,Storage,Archive Box,13.7,8,0,109.61,6.7
ORD-0226,2025-09-22,2025-09-24,C008,Lucas Martin,Home Office,North,NT,Palmerston,Technology,Accessories,Wireless Mouse,45.54,3,0,136.62,39.57
ORD-0227,2025-01-15,2025-01-21,C013,Sophie Hall,Consumer,West,WA,Bunbury,Technology,Computers,Laptop,1476.74,4,0.05,5611.61,826.08
ORD-0228,2025-10-02,2025-10-04,C004,Liam Wilson,Home Office,South,SA,Mount Gambier,Technology,Machines,Printer,300.61,6,0,1803.68,141.57
ORD-0229,2025-11-09,2025-11-13,C013,Sophie Hall,Home Office,West,WA,Bunbury,Office Supplies,Supplies,Desk Organiser,24.26,2,0,48.52,7.98
ORD-0230,2025-03-02,2025-03-04,C011,Grace Thompson,Home Office,East,NSW,Wollongong,Technology,Accessories,Wireless Mouse,42.15,5,0,210.74,47.07
ORD-0231,2025-04-06,2025-04-10,C014,Henry Young,Consumer,West,WA,Bunbury,Furniture,Furnishings,Desk Lamp,60.67,3,0.1,163.81,20.02
ORD-0232,2025-03-11,2025-03-13,C016,Oscar Wright,Consumer,West,WA,Bunbury,Office Supplies,Paper,A4 Copy Paper,12.01,7,0.1,75.68,13.15
ORD-0233,2025-10-17,2025-10-18,C003,Mia Brown,Corporate,West,WA,Bunbury,Office Supplies,Binders,Ring Binder,7.25,4,0,29.01,3.08
ORD-0234,2025-02-27,2025-03-04,C017,Emily Scott,Home Office,West,WA,Bunbury,Office Supplies,Supplies,Desk Organiser,26.38,2,0,52.75,13.49
ORD-0235,2025-02-22,2025-02-28,C014,Henry Young,Corporate,North,NT,Katherine,Furniture,Tables,Office Desk,558.98,4,0,2235.92,129.81
ORD-0236,2025-12-19,2025-12-22,C019,Zoe Baker,Consumer,North,NT,Palmerston,Technology,Accessories,Wireless Mouse,46.05,7,0,322.32,79.36
ORD-0237,2025-10-03,2025-10-05,C020,James Adams,Corporate,North,NT,Katherine,Furniture,Bookcases,Bookcase,268.39,6,0.15,1368.78,264.43
ORD-0238,2025-12-26,2026-01-02,C005,Isla Taylor,Corporate,North,NT,Darwin,Technology,Accessories,USB-C Hub,65.05,3,0,195.14,25.47
ORD-0239,2025-07-12,2025-07-16,C014,Henry Young,Consumer,West,WA,Fremantle,Furniture,Bookcases,Bookcase,296.5,2,0.15,504.05,122.09
ORD-0240,2025-10-25,2025-10-26,C011,Grace Thompson,Corporate,East,NSW,Wollongong,Office Supplies,Art,Marker Set,19.7,2,0.15,33.49,6.99
ORD-0241,2025-09-11,2025-09-14,C007,Amelia Thomas,Corporate,North,NT,Katherine,Technology,Computers,Laptop,1387.24,6,0.2,6658.76,1244.04
ORD-0242,2025-11-17,2025-11-24,C004,Liam Wilson,Home Office,West,WA,Fremantle,Technology,Phones,Smartphone,786.12,8,0,6288.96,1662.88
ORD-0243,2025-03-23,2025-03-30,C010,Jack Harris,Consumer,North,NT,Palmerston,Furniture,Tables,Office Desk,536.08,5,0,2680.39,301.8
ORD-0244,2025-08-08,2025-08-14,C008,Lucas Martin,Corporate,South,SA,Adelaide,Furniture,Bookcases,Bookcase,257.33,2,0.15,437.46,-34.72
ORD-0245,2025-08-05,2025-08-11,C004,Liam Wilson,Consumer,West,WA,Perth,Furniture,Bookcases,Bookcase,255.97,3,0.05,729.5,106.34
ORD-0246,2025-07-15,2025-07-22,C005,Isla Taylor,Corporate,North,NT,Darwin,Office Supplies,Storage,Archive Box,16.48,3,0.15,42.02,3.6
ORD-0247,2025-04-20,2025-04-26,C012,Leo Walker,Home Office,North,NT,Katherine,Technology,Computers,Laptop,1483.66,3,0.05,4228.44,679.07
ORD-0248,2025-08-08,2025-08-11,C012,Leo Walker,Consumer,North,NT,Darwin,Furniture,Furnishings,Desk Lamp,62.1,3,0,186.3,13.24
ORD-0249,2025-09-23,2025-09-28,C007,Amelia Thomas,Consumer,East,NSW,Wollongong,Furniture,Bookcases,Bookcase,273.94,4,0.15,931.39,197.03
ORD-0250,2025-11-23,2025-11-28,C016,Oscar Wright,Corporate,South,SA,Mount Gambier,Technology,Accessories,Wireless Mouse,48.5,2,0.1,87.3,4.63
ORD-0251,2025-10-07,2025-10-13,C012,Leo Walker,Corporate,East,NSW,Sydney,Furniture,Furnishings,Desk Lamp,64.62,3,0.2,155.1,-12.21
ORD-0252,2025-09-17,2025-09-20,C013,Sophie Hall,Consumer,North,NT,Palmerston,Technology,Phones,Smartphone,884.31,7,0.05,5880.65,415.21
ORD-0253,2025-04-15,2025-04-22,C017,Emily Scott,Consumer,South,SA,Mount Gambier,Office Supplies,Paper,A4 Copy Paper,11.58,3,0.1,31.28,6.15
ORD-0254,2025-05-06,2025-05-07,C002,Noah Smith,Home Office,North,NT,Palmerston,Office Supplies,Binders,Ring Binder,7.93,7,0,55.48,11.22
ORD-0255,2025-03-25,2025-03-29,C001,Ava Williams,Consumer,South,SA,Adelaide,Furniture,Tables,Office Desk,521.79,6,0.1,2817.67,720.27
ORD-0256,2025-06-21,2025-06-28,C001,Ava Williams,Home Office,East,NSW,Sydney,Office Supplies,Paper,A4 Copy Paper,12.06,7,0,84.4,9.77
ORD-0257,2025-09-13,2025-09-20,C002,Noah Smith,Corporate,North,NT,Palmerston,Furniture,Bookcases,Bookcase,260.81,3,0,782.43,190.39
ORD-0258,2025-01-07,2025-01-09,C002,Noah Smith,Home Office,North,NT,Darwin,Furniture,Chairs,Ergonomic Chair,379.39,1,0.05,360.42,100.94
ORD-0259,2025-06-14,2025-06-16,C008,Lucas Martin,Home Office,North,NT,Katherine,Furniture,Furnishings,Desk Lamp,62.66,7,0.15,372.82,95.63
ORD-0260,2025-09-22,2025-09-23,C008,Lucas Martin,Home Office,North,NT,Katherine,Technology,Accessories,Wireless Mouse,48.39,7,0,338.75,90.28
ORD-0261,2025-07-08,2025-07-10,C001,Ava Williams,Consumer,East,NSW,Newcastle,Furniture,Furnishings,Desk Lamp,68.7,5,0.1,309.14,72.62
ORD-0262,2025-03-19,2025-03-20,C008,Lucas Martin,Corporate,East,NSW,Wollongong,Technology,Machines,Printer,302.91,7,0,2120.38,289.66
ORD-0263,2025-02-23,2025-02-25,C010,Jack Harris,Consumer,North,NT,Palmerston,Furniture,Furnishings,Desk Lamp,64.9,4,0.05,246.61,16.02
ORD-0264,2025-12-25,2025-12-28,C014,Henry Young,Consumer,East,NSW,Sydney,Technology,Machines,Printer,293.43,8,0.15,1995.35,147.44
ORD-0265,2025-12-06,2025-12-08,C014,Henry Young,Home Office,West,WA,Perth,Furniture,Chairs,Ergonomic Chair,371.36,4,0,1485.43,191.25
ORD-0266,2025-04-14,2025-04-16,C003,Mia Brown,Corporate,East,NSW,Newcastle,Office Supplies,Binders,Ring Binder,7.37,2,0,14.74,2.39
ORD-0267,2025-08-26,2025-08-29,C010,Jack Harris,Corporate,North,NT,Katherine,Technology,Computers,Laptop,1350.71,2,0,2701.42,598.4
ORD-0268,2025-07-02,2025-07-06,C008,Lucas Martin,Corporate,North,NT,Darwin,Technology,Phones,Smartphone,815.8,1,0.15,693.43,176.84
ORD-0269,2025-02-18,2025-02-22,C008,Lucas Martin,Home Office,West,WA,Fremantle,Furniture,Furnishings,Monitor Stand,95.29,2,0.2,152.46,-14.96
ORD-0270,2025-10-26,2025-10-31,C003,Mia Brown,Consumer,South,SA,Adelaide,Office Supplies,Storage,Archive Box,13.72,5,0.2,54.9,16.43
ORD-0271,2025-08-25,2025-08-26,C002,Noah Smith,Consumer,West,WA,Perth,Office Supplies,Paper,A4 Copy Paper,11.84,3,0.1,31.97,7.39
ORD-0272,2025-04-06,2025-04-09,C007,Amelia Thomas,Corporate,West,WA,Bunbury,Technology,Accessories,USB-C Hub,75.37,5,0.05,358.0,21.0
ORD-0273,2025-09-03,2025-09-04,C018,William Green,Corporate,South,SA,Victor Harbor,Office Supplies,Art,Marker Set,17.58,2,0,35.16,5.44
ORD-0274,2025-09-03,2025-09-08,C012,Leo Walker,Home Office,South,SA,Victor Harbor,Technology,Computers,Laptop,1569.68,8,0,12557.41,2205.06
ORD-0275,2025-05-24,2025-05-25,C001,Ava Williams,Corporate,South,SA,Adelaide,Furniture,Tables,Office Desk,505.17,8,0.1,3637.25,712.89
ORD-0276,2025-10-01,2025-10-08,C009,Olivia White,Consumer,South,SA,Adelaide,Furniture,Tables,Office Desk,571.62,1,0.2,457.3,47.95
ORD-0277,2025-06-12,2025-06-19,C019,Zoe Baker,Consumer,West,WA,Fremantle,Technology,Accessories,Wireless Mouse,40.75,6,0.1,220.07,49.55
ORD-0278,2025-03-31,2025-04-04,C010,Jack Harris,Consumer,South,SA,Victor Harbor,Office Supplies,Supplies,Desk Organiser,22.78,1,0,22.78,-1.54
ORD-0279,2025-06-15,2025-06-16,C006,Ethan Anderson,Consumer,East,NSW,Wollongong,Technology,Accessories,USB-C Hub,71.21,1,0,71.21,19.89
ORD-0280,2025-02-21,2025-02-24,C019,Zoe Baker,Corporate,East,NSW,Sydney,Furniture,Furnishings,Desk Lamp,60.27,5,0,301.37,26.94
ORD-0281,2025-07-02,2025-07-04,C020,James Adams,Corporate,West,WA,Bunbury,Technology,Machines,Printer,307.64,3,0.05,876.76,194.75
ORD-0282,2025-04-04,2025-04-09,C002,Noah Smith,Home Office,North,NT,Katherine,Office Supplies,Supplies,Desk Organiser,27.34,6,0.2,131.22,13.81
ORD-0283,2025-06-27,2025-06-30,C008,Lucas Martin,Corporate,West,WA,Perth,Furniture,Chairs,Ergonomic Chair,420.05,3,0.15,1071.14,77.32
ORD-0284,2025-12-21,2025-12-22,C008,Lucas Martin,Consumer,East,NSW,Newcastle,Office Supplies,Binders,Ring Binder,8.46,6,0,50.76,-3.24
ORD-0285,2025-10-07,2025-10-11,C012,Leo Walker,Corporate,West,WA,Perth,Office Supplies,Art,Marker Set,17.93,2,0.2,28.68,7.63
ORD-0286,2025-01-11,2025-01-14,C010,Jack Harris,Corporate,South,SA,Adelaide,Technology,Phones,Smartphone,777.61,5,0,3888.07,359.75
ORD-0287,2025-09-05,2025-09-11,C020,James Adams,Consumer,North,NT,Katherine,Office Supplies,Supplies,Desk Organiser,27.21,1,0.05,25.85,2.36
ORD-0288,2025-07-29,2025-08-04,C007,Amelia Thomas,Consumer,South,SA,Adelaide,Office Supplies,Binders,Ring Binder,7.65,5,0.15,32.51,-2.51
ORD-0289,2025-02-14,2025-02-17,C014,Henry Young,Consumer,West,WA,Perth,Office Supplies,Paper,A4 Copy Paper,11.03,8,0,88.26,8.98
ORD-0290,2025-09-08,2025-09-14,C016,Oscar Wright,Consumer,North,NT,Palmerston,Office Supplies,Art,Marker Set,18.51,5,0,92.55,13.59
ORD-0291,2025-08-14,2025-08-18,C009,Olivia White,Consumer,West,WA,Fremantle,Office Supplies,Paper,A4 Copy Paper,12.81,5,0,64.04,12.24
ORD-0292,2025-10-29,2025-10-31,C014,Henry Young,Home Office,North,NT,Darwin,Office Supplies,Supplies,Desk Organiser,24.44,1,0.2,19.55,3.53
ORD-0293,2025-07-22,2025-07-29,C003,Mia Brown,Consumer,West,WA,Bunbury,Office Supplies,Storage,Archive Box,15.21,1,0.1,13.69,2.45
ORD-0294,2025-04-09,2025-04-11,C007,Amelia Thomas,Corporate,South,SA,Adelaide,Technology,Accessories,Wireless Mouse,41.21,1,0.05,39.15,8.64
ORD-0295,2025-07-18,2025-07-23,C003,Mia Brown,Corporate,South,SA,Victor Harbor,Office Supplies,Paper,A4 Copy Paper,11.58,7,0.1,72.97,8.69
ORD-0296,2025-02-27,2025-03-03,C014,Henry Young,Home Office,North,NT,Katherine,Furniture,Furnishings,Monitor Stand,91.2,3,0,273.6,53.54
ORD-0297,2025-06-26,2025-06-30,C018,William Green,Home Office,North,NT,Darwin,Technology,Accessories,USB-C Hub,72.17,5,0.05,342.79,66.16
ORD-0298,2025-12-15,2025-12-21,C020,James Adams,Corporate,South,SA,Mount Gambier,Technology,Machines,Printer,313.33,7,0,2193.32,591.62
ORD-0299,2025-06-22,2025-06-29,C001,Ava Williams,Corporate,North,NT,Katherine,Office Supplies,Storage,Archive Box,14.34,5,0,71.71,12.4
ORD-0300,2025-05-18,2025-05-24,C011,Grace Thompson,Consumer,North,NT,Darwin,Office Supplies,Art,Marker Set,18.52,7,0.1,116.7,11.32
ORD-0301,2025-09-21,2025-09-28,C002,Noah Smith,Corporate,West,WA,Bunbury,Furniture,Bookcases,Bookcase,269.42,3,0,808.27,142.82
ORD-0302,2025-01-17,2025-01-21,C008,Lucas Martin,Consumer,North,NT,Darwin,Technology,Phones,Smartphone,884.79,1,0,884.79,104.84
ORD-0303,2025-07-10,2025-07-14,C008,Lucas Martin,Consumer,West,WA,Bunbury,Furniture,Chairs,Ergonomic Chair,425.92,8,0,3407.36,574.64
ORD-0304,2025-01-15,2025-01-19,C010,Jack Harris,Corporate,East,NSW,Sydney,Furniture,Chairs,Ergonomic Chair,417.6,1,0,417.6,102.29
ORD-0305,2025-11-30,2025-12-04,C009,Olivia White,Consumer,South,SA,Victor Harbor,Furniture,Tables,Office Desk,549.15,1,0.2,439.32,-48.83
ORD-0306,2025-06-06,2025-06-12,C020,James Adams,Consumer,South,SA,Victor Harbor,Technology,Accessories,USB-C Hub,75.54,5,0.05,358.8,94.33
ORD-0307,2025-07-23,2025-07-28,C020,James Adams,Corporate,South,SA,Mount Gambier,Furniture,Furnishings,Monitor Stand,90.21,2,0,180.41,38.89
ORD-0308,2025-06-02,2025-06-08,C010,Jack Harris,Home Office,East,NSW,Wollongong,Furniture,Furnishings,Monitor Stand,82.15,2,0.05,156.08,46.37
ORD-0309,2025-03-18,2025-03-23,C007,Amelia Thomas,Home Office,East,NSW,Newcastle,Furniture,Bookcases,Bookcase,297.1,4,0,1188.42,297.81
ORD-0310,2025-06-01,2025-06-04,C016,Oscar Wright,Consumer,East,NSW,Wollongong,Furniture,Chairs,Ergonomic Chair,381.29,7,0.05,2535.55,149.17
ORD-0311,2025-11-23,2025-11-30,C018,William Green,Home Office,South,SA,Mount Gambier,Furniture,Tables,Office Desk,505.28,8,0.15,3435.93,429.66
ORD-0312,2025-10-14,2025-10-21,C009,Olivia White,Consumer,South,SA,Mount Gambier,Office Supplies,Binders,Ring Binder,8.64,3,0.15,22.03,4.71
ORD-0313,2025-05-14,2025-05-19,C012,Leo Walker,Corporate,South,SA,Victor Harbor,Office Supplies,Storage,Archive Box,16.05,5,0.05,76.25,12.78
ORD-0314,2025-09-29,2025-10-02,C013,Sophie Hall,Consumer,North,NT,Palmerston,Furniture,Chairs,Ergonomic Chair,418.93,7,0,2932.48,257.16
ORD-0315,2025-04-03,2025-04-10,C011,Grace Thompson,Home Office,East,NSW,Newcastle,Office Supplies,Binders,Ring Binder,7.73,2,0.05,14.69,4.36
ORD-0316,2025-10-23,2025-10-30,C006,Ethan Anderson,Corporate,North,NT,Darwin,Office Supplies,Binders,Ring Binder,8.46,3,0.05,24.1,5.9
ORD-0317,2025-07-16,2025-07-17,C016,Oscar Wright,Corporate,West,WA,Bunbury,Office Supplies,Art,Marker Set,16.92,1,0.1,15.23,-0.8
ORD-0318,2025-12-22,2025-12-25,C008,Lucas Martin,Home Office,South,SA,Adelaide,Technology,Accessories,Wireless Mouse,41.42,5,0,207.12,36.42
ORD-0319,2025-11-02,2025-11-07,C017,Emily Scott,Corporate,North,NT,Darwin,Office Supplies,Art,Marker Set,19.4,6,0.05,110.56,33.04
ORD-0320,2025-04-27,2025-04-29,C001,Ava Williams,Consumer,West,WA,Fremantle,Technology,Computers,Laptop,1517.88,3,0,4553.65,899.0
ORD-0321,2025-10-01,2025-10-06,C009,Olivia White,Home Office,East,NSW,Wollongong,Technology,Computers,Laptop,1593.46,1,0.1,1434.11,309.04
ORD-0322,2025-07-14,2025-07-15,C015,Chloe King,Home Office,North,NT,Darwin,Technology,Computers,Laptop,1508.54,5,0.05,7165.57,726.4
ORD-0323,2025-05-19,2025-05-24,C017,Emily Scott,Corporate,North,NT,Palmerston,Furniture,Chairs,Ergonomic Chair,415.79,3,0.05,1185.0,90.33
ORD-0324,2025-11-08,2025-11-10,C007,Amelia Thomas,Consumer,North,NT,Palmerston,Technology,Computers,Laptop,1456.71,5,0.2,5826.85,585.12
ORD-0325,2025-12-19,2025-12-23,C007,Amelia Thomas,Consumer,East,NSW,Sydney,Furniture,Furnishings,Desk Lamp,58.54,6,0,351.21,76.53
ORD-0326,2025-05-12,2025-05-18,C004,Liam Wilson,Consumer,West,WA,Perth,Furniture,Chairs,Ergonomic Chair,428.12,4,0.05,1626.84,201.74
ORD-0327,2025-08-07,2025-08-13,C011,Grace Thompson,Consumer,North,NT,Darwin,Office Supplies,Storage,Archive Box,16.05,2,0,32.11,-1.09
ORD-0328,2025-02-17,2025-02-20,C009,Olivia White,Corporate,South,SA,Mount Gambier,Office Supplies,Supplies,Desk Organiser,23.07,6,0,138.41,20.77
ORD-0329,2025-03-09,2025-03-15,C004,Liam Wilson,Corporate,West,WA,Bunbury,Office Supplies,Binders,Ring Binder,7.46,1,0.2,5.96,0.92
ORD-0330,2025-01-15,2025-01-22,C020,James Adams,Home Office,West,WA,Perth,Office Supplies,Storage,Archive Box,16.26,3,0.05,46.34,3.63
ORD-0331,2025-12-27,2026-01-03,C001,Ava Williams,Corporate,North,NT,Darwin,Furniture,Bookcases,Bookcase,300.9,4,0.15,1023.05,183.92
ORD-0332,2025-06-27,2025-07-03,C016,Oscar Wright,Home Office,North,NT,Palmerston,Furniture,Tables,Office Desk,555.26,7,0,3886.82,736.89
ORD-0333,2025-09-11,2025-09-18,C016,Oscar Wright,Home Office,North,NT,Darwin,Technology,Machines,Printer,336.09,3,0,1008.27,131.23
ORD-0334,2025-07-26,2025-08-02,C013,Sophie Hall,Home Office,East,NSW,Sydney,Technology,Machines,Printer,317.38,4,0,1269.53,317.78
ORD-0335,2025-02-22,2025-02-26,C001,Ava Williams,Corporate,West,WA,Fremantle,Technology,Computers,Laptop,1466.57,7,0,10265.98,513.73
ORD-0336,2025-07-06,2025-07-13,C011,Grace Thompson,Home Office,East,NSW,Wollongong,Technology,Computers,Laptop,1369.65,1,0.2,1095.72,179.28
ORD-0337,2025-02-19,2025-02-26,C004,Liam Wilson,Home Office,West,WA,Bunbury,Office Supplies,Art,Marker Set,17.43,4,0,69.72,17.95
ORD-0338,2025-03-26,2025-03-30,C002,Noah Smith,Home Office,East,NSW,Wollongong,Office Supplies,Paper,A4 Copy Paper,12.52,3,0.2,30.05,6.92
ORD-0339,2025-04-08,2025-04-14,C015,Chloe King,Consumer,South,SA,Adelaide,Office Supplies,Binders,Ring Binder,8.41,6,0,50.47,3.11
ORD-0340,2025-03-10,2025-03-14,C017,Emily Scott,Corporate,North,NT,Palmerston,Furniture,Furnishings,Monitor Stand,94.25,1,0.1,84.83,15.97
ORD-0341,2025-03-07,2025-03-08,C006,Ethan Anderson,Consumer,West,WA,Bunbury,Furniture,Furnishings,Monitor Stand,91.81,7,0.15,546.27,147.86
ORD-0342,2025-07-23,2025-07-26,C009,Olivia White,Home Office,West,WA,Fremantle,Furniture,Tables,Office Desk,551.7,5,0.05,2620.57,221.56
ORD-0343,2025-04-13,2025-04-15,C007,Amelia Thomas,Home Office,East,NSW,Wollongong,Office Supplies,Supplies,Desk Organiser,24.23,5,0.15,102.96,22.45
ORD-0344,2025-06-30,2025-07-05,C004,Liam Wilson,Home Office,South,SA,Victor Harbor,Furniture,Bookcases,Bookcase,283.96,8,0.1,2044.48,443.22
ORD-0345,2025-07-15,2025-07-17,C001,Ava Williams,Consumer,East,NSW,Newcastle,Furniture,Chairs,Ergonomic Chair,355.42,1,0.15,302.1,35.27
ORD-0346,2025-04-15,2025-04-22,C010,Jack Harris,Corporate,East,NSW,Wollongong,Technology,Phones,Smartphone,903.38,1,0,903.38,68.31
ORD-0347,2025-09-19,2025-09-26,C008,Lucas Martin,Home Office,South,SA,Victor Harbor,Furniture,Furnishings,Desk Lamp,67.14,5,0.15,285.34,80.36
ORD-0348,2025-11-14,2025-11-21,C007,Amelia Thomas,Consumer,East,NSW,Wollongong,Technology,Accessories,USB-C Hub,66.16,8,0.2,423.41,88.26
ORD-0349,2025-04-10,2025-04-13,C007,Amelia Thomas,Home Office,East,NSW,Wollongong,Furniture,Furnishings,Monitor Stand,98.7,8,0,789.62,54.18
ORD-0350,2025-05-16,2025-05-18,C018,William Green,Consumer,North,NT,Palmerston,Office Supplies,Storage,Archive Box,16.04,3,0.1,43.3,2.23
ORD-0351,2025-11-17,2025-11-22,C002,Noah Smith,Consumer,South,SA,Adelaide,Office Supplies,Supplies,Desk Organiser,26.45,5,0.05,125.64,-11.4
ORD-0352,2025-08-01,2025-08-06,C006,Ethan Anderson,Home Office,South,SA,Adelaide,Technology,Machines,Printer,310.36,7,0,2172.53,588.43
ORD-0353,2025-09-01,2025-09-06,C017,Emily Scott,Corporate,East,NSW,Newcastle,Technology,Machines,Printer,330.81,1,0,330.81,53.4
ORD-0354,2025-07-17,2025-07-20,C004,Liam Wilson,Home Office,South,SA,Adelaide,Office Supplies,Art,Marker Set,19.48,5,0,97.4,24.89
ORD-0355,2025-09-21,2025-09-22,C011,Grace Thompson,Consumer,West,WA,Fremantle,Office Supplies,Binders,Ring Binder,8.75,2,0,17.51,4.26
ORD-0356,2025-02-23,2025-02-25,C014,Henry Young,Home Office,North,NT,Darwin,Furniture,Tables,Office Desk,552.94,7,0.15,3290.01,223.82
ORD-0357,2025-02-07,2025-02-08,C003,Mia Brown,Home Office,North,NT,Palmerston,Office Supplies,Paper,A4 Copy Paper,11.4,3,0.2,27.37,1.85
ORD-0358,2025-06-11,2025-06-12,C014,Henry Young,Corporate,East,NSW,Newcastle,Office Supplies,Art,Marker Set,16.63,7,0.15,98.92,5.09
ORD-0359,2025-09-15,2025-09-16,C012,Leo Walker,Home Office,North,NT,Katherine,Technology,Phones,Smartphone,881.6,5,0.2,3526.4,711.07
ORD-0360,2025-03-22,2025-03-27,C016,Oscar Wright,Corporate,West,WA,Fremantle,Furniture,Chairs,Ergonomic Chair,409.25,4,0,1636.99,407.93
ORD-0361,2025-10-11,2025-10-18,C001,Ava Williams,Consumer,East,NSW,Wollongong,Office Supplies,Storage,Archive Box,13.63,3,0,40.88,7.9
ORD-0362,2025-07-31,2025-08-06,C007,Amelia Thomas,Consumer,North,NT,Palmerston,Furniture,Bookcases,Bookcase,262.3,3,0,786.91,160.7
ORD-0363,2025-08-25,2025-08-31,C018,William Green,Home Office,North,NT,Darwin,Furniture,Chairs,Ergonomic Chair,403.39,2,0,806.78,90.9
ORD-0364,2025-05-26,2025-05-31,C004,Liam Wilson,Corporate,West,WA,Fremantle,Technology,Accessories,Wireless Mouse,43.36,2,0,86.72,14.11
ORD-0365,2025-07-06,2025-07-13,C019,Zoe Baker,Home Office,East,NSW,Wollongong,Technology,Machines,Printer,298.79,6,0.05,1703.12,218.52
ORD-0366,2025-08-25,2025-08-29,C016,Oscar Wright,Corporate,West,WA,Fremantle,Technology,Accessories,USB-C Hub,67.28,6,0.2,322.93,60.68
ORD-0367,2025-11-17,2025-11-18,C009,Olivia White,Consumer,North,NT,Palmerston,Furniture,Tables,Office Desk,556.36,2,0,1112.71,231.34
ORD-0368,2025-10-06,2025-10-11,C009,Olivia White,Consumer,West,WA,Bunbury,Technology,Machines,Printer,337.61,8,0.15,2295.77,324.75
ORD-0369,2025-07-23,2025-07-26,C003,Mia Brown,Corporate,East,NSW,Sydney,Furniture,Furnishings,Monitor Stand,85.3,1,0.15,72.5,21.1
ORD-0370,2025-10-17,2025-10-22,C006,Ethan Anderson,Consumer,South,SA,Victor Harbor,Office Supplies,Binders,Ring Binder,8.37,3,0.15,21.35,-2.05
ORD-0371,2025-12-09,2025-12-11,C002,Noah Smith,Corporate,South,SA,Adelaide,Office Supplies,Binders,Ring Binder,7.95,6,0.05,45.32,-5.35
ORD-0372,2025-10-24,2025-10-29,C009,Olivia White,Home Office,East,NSW,Sydney,Furniture,Bookcases,Bookcase,288.61,3,0.05,822.53,116.24
ORD-0373,2025-07-27,2025-07-30,C017,Emily Scott,Corporate,North,NT,Katherine,Office Supplies,Binders,Ring Binder,8.47,6,0.05,48.27,-5.22
ORD-0374,2025-04-19,2025-04-21,C009,Olivia White,Consumer,West,WA,Perth,Technology,Machines,Printer,311.18,3,0,933.55,214.09
ORD-0375,2025-12-12,2025-12-16,C016,Oscar Wright,Corporate,South,SA,Mount Gambier,Furniture,Chairs,Ergonomic Chair,397.08,8,0,3176.65,672.86
ORD-0376,2025-03-10,2025-03-16,C006,Ethan Anderson,Consumer,South,SA,Adelaide,Furniture,Furnishings,Monitor Stand,83.64,1,0.1,75.28,6.89
ORD-0377,2025-02-13,2025-02-15,C010,Jack Harris,Home Office,West,WA,Bunbury,Furniture,Chairs,Ergonomic Chair,428.44,8,0.1,3084.74,823.09
ORD-0378,2025-12-04,2025-12-09,C020,James Adams,Consumer,West,WA,Bunbury,Furniture,Tables,Office Desk,543.32,5,0,2716.58,368.55
ORD-0379,2025-01-09,2025-01-11,C004,Liam Wilson,Corporate,North,NT,Darwin,Office Supplies,Binders,Ring Binder,7.44,7,0.2,41.66,3.09
ORD-0380,2025-12-04,2025-12-06,C016,Oscar Wright,Home Office,North,NT,Katherine,Technology,Phones,Smartphone,880.36,1,0.2,704.28,111.19
ORD-0381,2025-07-15,2025-07-18,C016,Oscar Wright,Home Office,North,NT,Katherine,Office Supplies,Binders,Ring Binder,7.41,2,0.05,14.09,2.39
ORD-0382,2025-04-07,2025-04-08,C009,Olivia White,Home Office,North,NT,Palmerston,Furniture,Furnishings,Desk Lamp,65.29,1,0.1,58.76,10.57
ORD-0383,2025-03-21,2025-03-25,C004,Liam Wilson,Corporate,South,SA,Victor Harbor,Office Supplies,Storage,Archive Box,16.06,5,0,80.32,12.52
ORD-0384,2025-10-13,2025-10-17,C018,William Green,Corporate,East,NSW,Wollongong,Technology,Computers,Laptop,1467.14,3,0,4401.41,752.38
ORD-0385,2025-04-28,2025-05-02,C004,Liam Wilson,Corporate,East,NSW,Wollongong,Furniture,Tables,Office Desk,490.3,3,0,1470.91,220.84
ORD-0386,2025-03-16,2025-03-20,C003,Mia Brown,Corporate,North,NT,Darwin,Furniture,Chairs,Ergonomic Chair,356.0,7,0,2491.99,-59.25
ORD-0387,2025-12-31,2026-01-05,C010,Jack Harris,Home Office,West,WA,Fremantle,Furniture,Furnishings,Monitor Stand,95.76,1,0.2,76.61,16.09
ORD-0388,2025-11-03,2025-11-08,C002,Noah Smith,Home Office,South,SA,Victor Harbor,Office Supplies,Binders,Ring Binder,7.47,4,0.1,26.9,1.59
ORD-0389,2025-12-09,2025-12-13,C012,Leo Walker,Consumer,North,NT,Darwin,Office Supplies,Art,Marker Set,16.92,7,0.1,106.6,5.74
ORD-0390,2025-06-28,2025-07-01,C019,Zoe Baker,Corporate,North,NT,Katherine,Furniture,Furnishings,Monitor Stand,91.91,5,0,459.57,45.33
ORD-0391,2025-10-14,2025-10-15,C004,Liam Wilson,Consumer,North,NT,Palmerston,Office Supplies,Supplies,Desk Organiser,27.24,5,0,136.18,34.15
ORD-0392,2025-05-05,2025-05-12,C016,Oscar Wright,Corporate,East,NSW,Wollongong,Office Supplies,Supplies,Desk Organiser,24.79,6,0.2,119.01,19.66
ORD-0393,2025-11-21,2025-11-28,C013,Sophie Hall,Consumer,North,NT,Palmerston,Office Supplies,Paper,A4 Copy Paper,12.48,4,0.15,42.44,10.61
ORD-0394,2025-05-28,2025-05-29,C008,Lucas Martin,Home Office,East,NSW,Wollongong,Technology,Accessories,USB-C Hub,73.48,7,0.15,437.22,59.24
ORD-0395,2025-05-18,2025-05-20,C019,Zoe Baker,Corporate,South,SA,Mount Gambier,Office Supplies,Binders,Ring Binder,8.38,4,0.05,31.84,3.46
ORD-0396,2025-07-02,2025-07-04,C020,James Adams,Consumer,East,NSW,Sydney,Technology,Accessories,Wireless Mouse,48.78,2,0,97.56,21.36
ORD-0397,2025-06-11,2025-06-15,C020,James Adams,Consumer,North,NT,Katherine,Office Supplies,Storage,Archive Box,14.05,5,0.05,66.73,16.09
ORD-0398,2025-08-05,2025-08-09,C017,Emily Scott,Home Office,West,WA,Perth,Technology,Phones,Smartphone,824.04,1,0.1,741.64,196.61
ORD-0399,2025-12-19,2025-12-20,C011,Grace Thompson,Home Office,West,WA,Perth,Furniture,Furnishings,Desk Lamp,61.24,1,0.15,52.05,10.16
ORD-0400,2025-08-30,2025-09-04,C009,Olivia White,Home Office,East,NSW,Sydney,Office Supplies,Binders,Ring Binder,7.49,6,0,44.97,7.01
ORD-0401,2025-10-20,2025-10-22,C006,Ethan Anderson,Corporate,East,NSW,Newcastle,Office Supplies,Art,Marker Set,16.56,4,0.2,52.99,6.23
ORD-0402,2025-01-05,2025-01-07,C016,Oscar Wright,Consumer,West,WA,Fremantle,Technology,Accessories,Wireless Mouse,41.71,7,0.05,277.37,75.81
ORD-0403,2025-01-25,2025-01-29,C019,Zoe Baker,Corporate,East,NSW,Newcastle,Office Supplies,Supplies,Desk Organiser,23.32,2,0.15,39.64,4.12
ORD-0404,2025-07-04,2025-07-09,C012,Leo Walker,Home Office,North,NT,Palmerston,Office Supplies,Storage,Archive Box,13.56,5,0,67.8,5.44
ORD-0405,2025-05-26,2025-05-29,C006,Ethan Anderson,Home Office,South,SA,Victor Harbor,Furniture,Furnishings,Monitor Stand,90.19,6,0.15,459.96,112.09
ORD-0406,2025-03-27,2025-04-02,C005,Isla Taylor,Home Office,North,NT,Palmerston,Office Supplies,Art,Marker Set,18.47,6,0.05,105.29,20.31
ORD-0407,2025-06-12,2025-06-18,C011,Grace Thompson,Consumer,North,NT,Darwin,Office Supplies,Binders,Ring Binder,7.63,5,0.15,32.42,6.85
ORD-0408,2025-07-31,2025-08-02,C015,Chloe King,Home Office,West,WA,Fremantle,Furniture,Furnishings,Monitor Stand,81.42,3,0.2,195.4,45.32
ORD-0409,2025-02-02,2025-02-06,C004,Liam Wilson,Consumer,North,NT,Darwin,Office Supplies,Paper,A4 Copy Paper,12.65,1,0,12.65,2.29
ORD-0410,2025-06-08,2025-06-10,C013,Sophie Hall,Home Office,North,NT,Palmerston,Technology,Phones,Smartphone,813.31,4,0.15,2765.25,571.36
ORD-0411,2025-09-01,2025-09-05,C011,Grace Thompson,Consumer,South,SA,Adelaide,Furniture,Bookcases,Bookcase,276.91,5,0.1,1246.1,364.34
ORD-0412,2025-09-26,2025-10-02,C014,Henry Young,Home Office,South,SA,Victor Harbor,Office Supplies,Supplies,Desk Organiser,24.91,5,0,124.54,-6.32
ORD-0413,2025-09-25,2025-10-02,C001,Ava Williams,Consumer,West,WA,Fremantle,Office Supplies,Paper,A4 Copy Paper,11.49,3,0,34.46,6.33
ORD-0414,2025-11-02,2025-11-04,C010,Jack Harris,Corporate,West,WA,Fremantle,Technology,Computers,Laptop,1413.36,1,0.1,1272.02,194.54
ORD-0415,2025-04-23,2025-04-26,C013,Sophie Hall,Consumer,West,WA,Perth,Furniture,Furnishings,Desk Lamp,66.63,2,0.05,126.6,22.68
ORD-0416,2025-07-31,2025-08-02,C009,Olivia White,Home Office,East,NSW,Newcastle,Furniture,Furnishings,Monitor Stand,83.46,2,0,166.92,12.95
ORD-0417,2025-06-14,2025-06-15,C007,Amelia Thomas,Home Office,West,WA,Fremantle,Furniture,Furnishings,Desk Lamp,71.11,3,0,213.32,11.85
ORD-0418,2025-04-30,2025-05-01,C001,Ava Williams,Consumer,East,NSW,Newcastle,Furniture,Furnishings,Desk Lamp,64.92,3,0,194.75,26.38
ORD-0419,2025-02-11,2025-02-18,C011,Grace Thompson,Corporate,West,WA,Fremantle,Furniture,Chairs,Ergonomic Chair,371.79,3,0,1115.36,165.19
ORD-0420,2025-05-08,2025-05-12,C004,Liam Wilson,Corporate,South,SA,Adelaide,Office Supplies,Paper,A4 Copy Paper,12.57,8,0,100.56,5.87
ORD-0421,2025-12-15,2025-12-18,C013,Sophie Hall,Home Office,North,NT,Katherine,Technology,Computers,Laptop,1487.46,6,0,8924.75,540.36
ORD-0422,2025-07-04,2025-07-05,C007,Amelia Thomas,Corporate,North,NT,Palmerston,Furniture,Bookcases,Bookcase,265.21,4,0,1060.86,-105.49
ORD-0423,2025-12-20,2025-12-24,C019,Zoe Baker,Consumer,North,NT,Palmerston,Technology,Phones,Smartphone,896.04,3,0,2688.11,301.55
ORD-0424,2025-12-26,2025-12-31,C005,Isla Taylor,Consumer,East,NSW,Wollongong,Technology,Accessories,USB-C Hub,69.83,2,0,139.66,18.04
ORD-0425,2025-07-03,2025-07-09,C013,Sophie Hall,Home Office,East,NSW,Newcastle,Technology,Phones,Smartphone,917.77,3,0,2753.32,471.71
ORD-0426,2025-04-06,2025-04-11,C019,Zoe Baker,Home Office,East,NSW,Wollongong,Office Supplies,Binders,Ring Binder,8.37,6,0,50.23,5.97
ORD-0427,2025-05-15,2025-05-20,C010,Jack Harris,Home Office,South,SA,Adelaide,Technology,Computers,Laptop,1305.21,6,0.05,7439.69,1558.66
ORD-0428,2025-06-14,2025-06-20,C008,Lucas Martin,Home Office,South,SA,Adelaide,Office Supplies,Supplies,Desk Organiser,27.34,2,0.15,46.47,11.84
ORD-0429,2025-07-29,2025-08-04,C011,Grace Thompson,Consumer,West,WA,Bunbury,Furniture,Bookcases,Bookcase,257.39,6,0,1544.34,-175.71
ORD-0430,2025-02-20,2025-02-21,C007,Amelia Thomas,Consumer,South,SA,Adelaide,Technology,Computers,Laptop,1447.07,7,0.15,8610.09,1773.62
ORD-0431,2025-04-17,2025-04-23,C001,Ava Williams,Consumer,North,NT,Palmerston,Furniture,Chairs,Ergonomic Chair,357.24,8,0.2,2286.31,-173.31
ORD-0432,2025-09-28,2025-09-29,C009,Olivia White,Home Office,West,WA,Fremantle,Technology,Machines,Printer,307.45,2,0.2,491.92,140.76
ORD-0433,2025-04-08,2025-04-10,C013,Sophie Hall,Home Office,North,NT,Darwin,Technology,Machines,Printer,328.02,4,0.1,1180.87,111.86
ORD-0434,2025-12-12,2025-12-16,C012,Leo Walker,Consumer,West,WA,Bunbury,Furniture,Furnishings,Monitor Stand,84.0,7,0,588.02,55.92
ORD-0435,2025-06-30,2025-07-03,C015,Chloe King,Consumer,East,NSW,Wollongong,Furniture,Furnishings,Monitor Stand,87.69,6,0.2,420.92,101.46
ORD-0436,2025-07-12,2025-07-19,C007,Amelia Thomas,Consumer,East,NSW,Wollongong,Furniture,Furnishings,Monitor Stand,98.31,5,0,491.55,79.57
ORD-0437,2025-06-04,2025-06-05,C005,Isla Taylor,Home Office,North,NT,Palmerston,Technology,Machines,Printer,301.75,5,0,1508.74,194.21
ORD-0438,2025-03-21,2025-03-22,C019,Zoe Baker,Home Office,East,NSW,Wollongong,Furniture,Furnishings,Monitor Stand,87.4,1,0.05,83.03,7.02
ORD-0439,2025-07-24,2025-07-29,C019,Zoe Baker,Corporate,South,SA,Adelaide,Office Supplies,Paper,A4 Copy Paper,10.99,4,0.15,37.35,4.9
ORD-0440,2025-11-25,2025-11-28,C020,James Adams,Home Office,West,WA,Bunbury,Furniture,Chairs,Ergonomic Chair,414.05,1,0.15,351.94,51.17
ORD-0441,2025-12-01,2025-12-08,C008,Lucas Martin,Corporate,East,NSW,Newcastle,Office Supplies,Paper,A4 Copy Paper,12.67,1,0.15,10.77,1.57
ORD-0442,2025-09-15,2025-09-21,C011,Grace Thompson,Home Office,North,NT,Palmerston,Furniture,Tables,Office Desk,473.25,4,0,1893.02,440.87
ORD-0443,2025-08-10,2025-08-13,C008,Lucas Martin,Home Office,West,WA,Bunbury,Furniture,Chairs,Ergonomic Chair,361.31,7,0,2529.18,178.65
ORD-0444,2025-09-14,2025-09-18,C013,Sophie Hall,Corporate,North,NT,Katherine,Office Supplies,Paper,A4 Copy Paper,11.12,3,0.2,26.7,5.07
ORD-0445,2025-05-05,2025-05-06,C008,Lucas Martin,Home Office,South,SA,Victor Harbor,Furniture,Furnishings,Monitor Stand,88.74,5,0.2,354.96,78.51
ORD-0446,2025-04-08,2025-04-11,C012,Leo Walker,Corporate,North,NT,Katherine,Office Supplies,Storage,Archive Box,15.47,6,0.1,83.52,20.25
ORD-0447,2025-01-23,2025-01-30,C015,Chloe King,Corporate,East,NSW,Wollongong,Furniture,Tables,Office Desk,539.28,4,0,2157.11,191.98
ORD-0448,2025-03-17,2025-03-24,C020,James Adams,Home Office,North,NT,Darwin,Technology,Accessories,Wireless Mouse,43.59,5,0,217.95,54.72
ORD-0449,2025-04-15,2025-04-20,C007,Amelia Thomas,Corporate,West,WA,Perth,Technology,Machines,Printer,318.91,5,0.1,1435.11,333.64
ORD-0450,2025-05-11,2025-05-13,C002,Noah Smith,Home Office,North,NT,Palmerston,Furniture,Furnishings,Monitor Stand,84.61,1,0,84.61,18.96
ORD-0451,2025-12-06,2025-12-13,C009,Olivia White,Consumer,West,WA,Bunbury,Technology,Computers,Laptop,1336.29,6,0.2,6414.18,789.74
ORD-0452,2025-09-06,2025-09-13,C011,Grace Thompson,Corporate,West,WA,Perth,Furniture,Chairs,Ergonomic Chair,366.51,2,0,733.02,213.82
ORD-0453,2025-09-08,2025-09-12,C011,Grace Thompson,Consumer,North,NT,Darwin,Furniture,Bookcases,Bookcase,271.42,3,0,814.26,112.35
ORD-0454,2025-01-16,2025-01-21,C013,Sophie Hall,Corporate,South,SA,Victor Harbor,Technology,Accessories,USB-C Hub,65.12,5,0,325.62,89.32
ORD-0455,2025-08-02,2025-08-04,C008,Lucas Martin,Corporate,North,NT,Katherine,Furniture,Furnishings,Monitor Stand,98.47,3,0.05,280.64,77.86
ORD-0456,2025-12-17,2025-12-24,C018,William Green,Home Office,South,SA,Adelaide,Technology,Machines,Printer,296.84,4,0.2,949.88,211.0
ORD-0457,2025-06-12,2025-06-13,C006,Ethan Anderson,Consumer,South,SA,Mount Gambier,Furniture,Furnishings,Monitor Stand,86.72,2,0,173.43,46.81
ORD-0458,2025-03-19,2025-03-26,C009,Olivia White,Corporate,East,NSW,Newcastle,Office Supplies,Art,Marker Set,16.67,4,0,66.69,3.77
ORD-0459,2025-04-29,2025-05-01,C020,James Adams,Home Office,East,NSW,Wollongong,Furniture,Tables,Office Desk,476.27,1,0,476.27,116.67
ORD-0460,2025-09-09,2025-09-13,C013,Sophie Hall,Home Office,West,WA,Bunbury,Office Supplies,Binders,Ring Binder,7.51,3,0,22.53,1.31
ORD-0461,2025-02-03,2025-02-05,C007,Amelia Thomas,Corporate,North,NT,Palmerston,Technology,Accessories,Wireless Mouse,46.05,8,0.2,294.74,65.42
ORD-0462,2025-06-10,2025-06-14,C013,Sophie Hall,Corporate,South,SA,Mount Gambier,Technology,Machines,Printer,295.0,1,0.1,265.5,43.6
ORD-0463,2025-07-18,2025-07-23,C018,William Green,Home Office,South,SA,Victor Harbor,Office Supplies,Paper,A4 Copy Paper,11.5,1,0,11.5,1.72
ORD-0464,2025-01-28,2025-02-03,C020,James Adams,Consumer,East,NSW,Newcastle,Office Supplies,Storage,Archive Box,15.99,3,0.05,45.57,7.42
ORD-0465,2025-07-21,2025-07-25,C005,Isla Taylor,Home Office,North,NT,Darwin,Furniture,Furnishings,Monitor Stand,81.45,6,0.05,464.26,75.87
ORD-0466,2025-03-05,2025-03-06,C006,Ethan Anderson,Consumer,South,SA,Mount Gambier,Office Supplies,Storage,Archive Box,14.85,2,0.15,25.24,3.55
ORD-0467,2025-10-09,2025-10-13,C013,Sophie Hall,Home Office,West,WA,Bunbury,Furniture,Tables,Office Desk,485.77,1,0.2,388.62,52.0
ORD-0468,2025-06-07,2025-06-10,C014,Henry Young,Consumer,South,SA,Adelaide,Technology,Phones,Smartphone,871.5,8,0,6971.98,553.49
ORD-0469,2025-09-12,2025-09-19,C015,Chloe King,Home Office,South,SA,Adelaide,Office Supplies,Paper,A4 Copy Paper,12.74,8,0.1,91.71,18.53
ORD-0470,2025-08-15,2025-08-16,C014,Henry Young,Home Office,South,SA,Victor Harbor,Office Supplies,Art,Marker Set,19.38,1,0,19.38,2.32
ORD-0471,2025-01-19,2025-01-21,C012,Leo Walker,Consumer,South,SA,Adelaide,Technology,Phones,Smartphone,863.28,1,0.15,733.78,147.36
ORD-0472,2025-12-11,2025-12-14,C006,Ethan Anderson,Consumer,North,NT,Darwin,Office Supplies,Binders,Ring Binder,8.4,3,0.05,23.94,-2.32
ORD-0473,2025-02-03,2025-02-06,C018,William Green,Corporate,East,NSW,Newcastle,Technology,Computers,Laptop,1340.39,8,0,10723.09,2840.03
ORD-0474,2025-01-30,2025-01-31,C020,James Adams,Consumer,West,WA,Bunbury,Furniture,Tables,Office Desk,543.3,2,0.05,1032.28,207.69
ORD-0475,2025-10-22,2025-10-27,C017,Emily Scott,Home Office,East,NSW,Newcastle,Office Supplies,Storage,Archive Box,15.34,6,0,92.06,16.03
ORD-0476,2025-04-10,2025-04-11,C010,Jack Harris,Consumer,West,WA,Fremantle,Furniture,Tables,Office Desk,516.35,2,0,1032.7,257.33
ORD-0477,2025-06-29,2025-07-04,C011,Grace Thompson,Corporate,South,SA,Victor Harbor,Office Supplies,Paper,A4 Copy Paper,12.34,4,0,49.35,10.98
ORD-0478,2025-01-04,2025-01-05,C011,Grace Thompson,Corporate,North,NT,Palmerston,Furniture,Furnishings,Monitor Stand,88.13,6,0,528.77,101.65
ORD-0479,2025-01-19,2025-01-25,C016,Oscar Wright,Corporate,South,SA,Adelaide,Office Supplies,Art,Marker Set,16.76,3,0.05,47.76,7.89
ORD-0480,2025-06-03,2025-06-08,C017,Emily Scott,Corporate,East,NSW,Newcastle,Furniture,Chairs,Ergonomic Chair,392.8,6,0.1,2121.11,216.49
ORD-0481,2025-07-12,2025-07-18,C011,Grace Thompson,Consumer,East,NSW,Sydney,Office Supplies,Paper,A4 Copy Paper,12.25,3,0.1,33.08,3.2
ORD-0482,2025-07-31,2025-08-01,C009,Olivia White,Corporate,East,NSW,Wollongong,Furniture,Chairs,Ergonomic Chair,379.98,8,0,3039.87,782.35
ORD-0483,2025-02-17,2025-02-21,C007,Amelia Thomas,Consumer,East,NSW,Sydney,Office Supplies,Paper,A4 Copy Paper,11.96,1,0.2,9.57,1.67
ORD-0484,2025-02-20,2025-02-27,C005,Isla Taylor,Home Office,West,WA,Bunbury,Office Supplies,Storage,Archive Box,15.67,3,0,47.02,7.75
ORD-0485,2025-06-20,2025-06-24,C003,Mia Brown,Corporate,North,NT,Darwin,Technology,Machines,Printer,321.32,1,0,321.32,69.0
ORD-0486,2025-05-27,2025-05-30,C007,Amelia Thomas,Consumer,East,NSW,Wollongong,Office Supplies,Binders,Ring Binder,7.91,6,0.2,37.95,3.01
ORD-0487,2025-02-22,2025-02-24,C017,Emily Scott,Consumer,East,NSW,Sydney,Furniture,Furnishings,Monitor Stand,86.73,6,0.1,468.36,39.99
ORD-0488,2025-11-10,2025-11-13,C010,Jack Harris,Consumer,East,NSW,Wollongong,Technology,Phones,Smartphone,787.11,8,0,6296.9,1055.89
ORD-0489,2025-04-02,2025-04-08,C013,Sophie Hall,Consumer,North,NT,Palmerston,Technology,Computers,Laptop,1408.13,8,0.1,10138.54,1349.27
ORD-0490,2025-02-19,2025-02-23,C015,Chloe King,Home Office,North,NT,Palmerston,Technology,Phones,Smartphone,874.55,5,0.15,3716.84,898.08
ORD-0491,2025-04-04,2025-04-10,C013,Sophie Hall,Home Office,South,SA,Adelaide,Office Supplies,Storage,Archive Box,16.08,6,0.2,77.2,10.13
ORD-0492,2025-03-29,2025-04-01,C015,Chloe King,Consumer,North,NT,Palmerston,Office Supplies,Art,Marker Set,18.27,6,0.1,98.65,17.46
ORD-0493,2025-09-30,2025-10-04,C010,Jack Harris,Home Office,North,NT,Palmerston,Furniture,Chairs,Ergonomic Chair,383.25,7,0.1,2414.47,495.49
ORD-0494,2025-08-09,2025-08-16,C019,Zoe Baker,Consumer,West,WA,Fremantle,Office Supplies,Binders,Ring Binder,8.46,7,0.1,53.3,9.92
ORD-0495,2025-10-31,2025-11-05,C004,Liam Wilson,Home Office,North,NT,Katherine,Furniture,Furnishings,Desk Lamp,65.72,8,0,525.73,134.33
ORD-0496,2025-06-17,2025-06-21,C013,Sophie Hall,Home Office,West,WA,Perth,Technology,Machines,Printer,301.93,1,0,301.93,25.58
ORD-0497,2025-05-30,2025-06-03,C018,William Green,Home Office,North,NT,Darwin,Technology,Computers,Laptop,1364.64,8,0,10917.14,2940.6
ORD-0498,2025-01-05,2025-01-10,C019,Zoe Baker,Home Office,East,NSW,Newcastle,Office Supplies,Paper,A4 Copy Paper,11.11,7,0.2,62.19,7.68
ORD-0499,2025-05-25,2025-06-01,C004,Liam Wilson,Home Office,North,NT,Darwin,Furniture,Bookcases,Bookcase,276.18,1,0,276.18,54.56
ORD-0500,2025-12-06,2025-12-08,C007,Amelia Thomas,Corporate,West,WA,Fremantle,Office Supplies,Supplies,Desk Organiser,23.44,8,0,187.53,27.41
